<?xml version="1.0" encoding="UTF-8"?>
<project-private xmlns="http://www.netbeans.org/ns/project-private/1">
    <editor-bookmarks xmlns="http://www.netbeans.org/ns/editor-bookmarks/2" lastBookmarkId="0"/>
    <open-files xmlns="http://www.netbeans.org/ns/projectui-open-files/2">
        <group>
            <file>file:/C:/Users/piyumi/Desktop/Assignments/ISRM/course%20work/New%20folder/File-Encryption-and-Decryption-Application-in-JAVA-master/src/gui/Main.java</file>
            <file>file:/C:/Users/piyumi/Desktop/Assignments/ISRM/course%20work/New%20folder/File-Encryption-and-Decryption-Application-in-JAVA-master/src/core/FileEncryptorAndDecryptor.java</file>
            <file>file:/C:/Users/piyumi/Desktop/Assignments/ISRM/course%20work/New%20folder/File-Encryption-and-Decryption-Application-in-JAVA-master/src/gui/ExceptionDialog.java</file>
        </group>
    </open-files>
</project-private>
